review_id,review_name,time,text,product_id
359dde14-561e-46f4-bf4f-f9f1ffd9ab63,Hamza,2 weeks ago,original set and PTA approved set hai. boht hi aala mobile hai mat forest green color hai. actual price of mobile was Rs.45000 but I ordered during daraz #11.11 sale and I got in  Rs.42000 by availing two discount vouchers. daraz ny mobile buy karny ki bhi tension dur kar di hai ghar bethy original mobile wo bhi market sey low price mein. Thanks daraz.pk,434216463
9d373ad7-2ef1-4e7d-8e6a-83f495787b23,Raza A.,2 weeks ago,#11.11 jitni tareef kru utni kam hy mashallah AJ tak ka sab se behtareen or aala qism ka mobile hy Meri review hy 10/10 mashallah so happy üòäüòä,434216463
e1341104-f3e7-4016-98f4-4ff448fef160,Barkat A.,1 week ago,Product quality is amazing and reached safe at doorstep. Seller is really cooperative and friendly in communication. Recieved product as it is reflected on Daraz. Original product. 100% Gebuin. However around Rs.2000 costly than physical market. Prices should be aligned to the market rate to eradicate price manipulation. Overall satisfied with product quality but not satisfied with delivery and product price.,434216463
f9541f78-f431-40a1-b894-eb5f1029d177,aamir B.,1 week ago,Tecno Spark 10 Pro üíØ% original mobile PTA approved sealed pack box pack with all accessories. thank and love u daraz and seller ü•∞üåπüëç,436994487
d1a49d46-98e5-4899-abee-0b5369172a4b,Muhammad Z.,7 days ago,Excellent üëç Pin pack device with mega discount in #11.11 #11.11 seller is honest Daraz has become a life patner. Thanks Daraz. Thanks Tecno Pakistan.,436994487
79befbd7-97e7-4257-9116-d3e97fc5b81f,A***.,2 weeks ago,Mobil is little bit slow camera result average. Seller is not cooperating but product received is well packed and as per mentioned specifications,436994487
dc08fb59-803d-4f9f-ae1f-580450c13a4b,3***8,3 months ago,Alhamdulillah same recieved as shown in picture. Same specifications A1 condition and fast delivery. Thanks Daraz. i recmond it and i order one more.,430451931
0cbb87e1-dcd3-4c42-a3d8-af76005643b9,3***1,4 months ago,achhi packing but charging adapter was normal no handsfree no protector no mobile cover baqi use kr ke pta chalay ga dekhnay nice hai,430451931
02d3f191-50a7-437d-9316-140c2c157d7a,Haseeb A.,2 months ago,mobile is just go0d. average in use.. bettery timing is go0d.. camera is just average. overall ghar use k lia thek hai jaha bs call waghaira k lia instmal hota ho,430451931
04d23a3b-0886-45b4-a969-6476e126d333,Gohar I.,4 months ago,this is the initial review. the phone is the same as shown.good thing is that it is managed directly by Daraz. packaging was amazing. order came 1 day late only.,429185340
5739ca3e-90d8-44c5-8bd7-56942dba1d7c,Yasir Q.,2 months ago,Daraz is very helpfulüòéüòéI was not have enough money to buy this range mobile so i buy on installment from darazüòçüòçüòç Mobile ki look boht achi hy or is range mai best hyüòÅThanks daraz and sellerü§ì,429185340
3f621ffb-aef0-4af4-a918-58385f5e1481,3***4,3 months ago,Camera satisfactory nh ha Baki mobile ok ha,429185340
9043da33-6fb2-4d6d-bc40-cb7fe0277db3,Asif B.,7 months ago,phone is damaged from edges pictures uploaded,421521093
e62e663f-cf20-4173-94bc-bc1937fdd24b,M F.,7 months ago,Same As Described original product found in reasonable price than Market,421521093
69a40d64-7f6d-4f57-883b-119af67ab4cb,hasham A.,2 weeks ago,#11.11 I order redmi note 12 but when I open the parcel I recieved redmi 12c that's ram 4 Gb and ROM 128 Gb while I order redmi note 12 that's ram 8 Gb and ROM 128 Gb not delivered the same mobile that I order why you send me 12c instead of note 12 very disappointed shopping with daraz this time you must checked what you sent,421521093
4f5035d9-e0a1-4a00-9e9f-08c320ce48e4,Raz M.,1 week ago,Mashallah 11.11 SaleReceived safe packed PTA approvedDilivered in time response excellent Great Quality Satisfied original item received thanks seller and Daraz üëçüëçüòÅüòä,438355041
f06bcb94-70e5-4cdc-86cb-6de3a25f6b19,Muhammad Y.,1 week ago,Quality is good. Original product. Non activated,438355041
8d554aca-a483-45f5-b59c-a12c12f3bd8f,AC R.,2 weeks ago,# 11.11 brand new. pin packed. good quality. got in 20000/- only.  made in Pakistan. Seller Recommended.,438355041
a24b52d5-6aa5-46b7-87bf-7a51765d0725,Muhammad U.,1 week ago,Amazing phone within the discounted price of #11.11  I would recommend everyone if you are looking to get the basics done alright and don‚Äôt want to spend too much this is the right choice. Quality is not cheap like other phones in this budget. However I do have one complaint as the phone down have a case in the box and no warranty card. #11.11,421054632
0d813080-43cf-4f54-b9fb-95731ad32596,bilal K.,7 days ago,i am using this mobile for 5 days now. best mobile for basic tasks like whatsapp call youtube etc. i received it on 11.11 sale at price 15k which is too good deal. everyone appriciate its look. working smooth and battery timing is too good. üëç,421054632
74133b6d-8ecf-4647-90b9-a93e5093911b,Muhammad U.,2 months ago,Received Brand new box packed mobile. Quality Seems to be good. Performance is also fine. Excellent product Original and value for Money.,421054632
ee4048cc-c6f9-4033-9c2f-56dded3d063b,Noman A.,2 months ago,Reciceved it in 3 days good mobile original no damage to the product original charger was also in the boxRecommended Seller,432849791
cc9a0ee1-0360-44b7-af0c-066169696213,Muneeb R.,1 month ago,UNBEATABLE PRICE BY SELLER VERY CO OPERATIVE SELLER BUT VERY LATE ANSWERING .OVERALL 10/10 THANK YOU TO DARAZ PLATFORM,432849791
3a862413-6968-4393-99b1-605492dd6775,Aziz U.,2 weeks ago,Product is original and as per details given. Delivered well before the committed time. Good presentable packaging delivery is safe and sound.recommended the saller.,432849791
b893ca3a-dcd5-4994-9a5b-74a96c275714,Mohammad N.,5 months ago,very very beautiful mobile ..i very happy.. price b okk.thanks daraz and seller ..thanku,423781498
93a39257-c923-4257-a368-537bd137feb3,Shahid B.,4 weeks ago,thank you Daraz. kam price m achi chiz. saller bht acha h. mobile bht acha h. jaisa dikha waisa paya,423781498
c9c03068-276f-458d-879f-a75a634be39f,Yasir M.,1 month ago,Awesome mobile recieved on time very fast processor lovely color seller are very cooperative totally satisfied üëåüëç,423781498
c10d3641-eec9-4d58-8253-8bd454fd7ba6,Abdul S.,2 months ago,1 . Look & Design: Phone is awesome in look very beautiful design. Feels like premium flagship 2. Performance : Satisfactory 3. Battery : Awesome 4. Front Camera Average 5. Back Camera : Good but not excellent 6. Over all : Value for money.  Recommended this item.,432054677
e8d4e02b-bbf7-41e4-afbf-a1f8a25e5fe0,3***8,2 months ago,ÿ®€Åÿ™ €Å€å ÿß⁄Ü⁄æÿß ŸÖŸàÿ®ÿßÿ¶ŸÑ €Å€í ÿßŸàÿ± ÿ®€Åÿ™ Ÿæ€åÿßÿ±€å Ÿæ€å⁄©ŸÜ⁄Ø €Å€í ÿ®€åÿ≥Ÿπ ⁄©ŸàÿßŸÑŸπ€å ⁄©ÿß ŸÖŸàÿ®ÿßÿ¶ŸÑ €Å€í ÿßŸàÿ± ÿ®€Åÿ™ €Å€å ⁄©ÿßŸÖ ŸÇ€åŸÖÿ™ ŸÖ€å⁄∫,432054677
55956208-1d1b-4816-81d6-e62c040b6e72,M J.,2 months ago,I like the product its non active device and nicely company packed. I Always order from your store. üëç thanks i received samecolor as i want,432054677
325e407a-e2ec-4370-898e-6720e22470d1,3***6,3 weeks ago,waqt se pehly Dilevry hogai. mob b new he. jazakallah dear,428986336
085a15c0-0a0b-4a75-8bbd-7600bad39c47,Muhammad U.,3 months ago,received Original Product of Redme... Seller Response Very Good and Early. Satisfied üëç,430225803
5f3c127c-f4a9-495c-8289-05cc85495594,Saeed K.,3 days ago,Mobile to Pinpack hai jaldi bi Ponch aya laikn delivery walo ne us adress pe nahi ponchaya jo adress dia tha balke call kr ke inform kia gaya or kaha gaya k a ke khud le jaye jiske ko laine k kiye mujhe 12 km dor ja ke kaina para bht afsos howa  is bat pe.,430225803
d05a0516-eda8-4e73-9b1a-354d30997fd7,Yar M.,2 weeks ago,Great mobile fast charging bhi nahi hai and No Glass No Cover.Best for my Rayyan Ali Khan.,430225803
391a5099-4346-4cfc-83eb-ff71b2b7a9d6,inam U.,5 months ago,Thanx a lot OPPO Mobile Pakistan for quality product which i ordered & Daraz for in time delivery.,422151695
1d0faa9a-f71d-45ee-b031-ad3a15566c11,Saima N.,2 weeks ago,I recently received my parcel from the official Oppo store and while the phone itself is excellent and original I was disappointed with the packaging. The box arrived damaged and there were no bubble wrap or proper protection inside. However I must commend the seller for their polite and reasonable behavior throughout the process. I hope they improve their packaging to ensure better protection for future shipments. #OnlineShopping #OppoStore #CustomerExperience,422151695
2cb2e342-3acb-46af-b304-c5ad00198418,3***2,5 months ago,Good Service.. Mobile recieved on time üëç,422151695
1deb965a-bd65-431d-9cb3-0c441dae9ce5,Atif N.,1 week ago,genuine product with huge discount at Daraz 11.11 offer,432048376
80bbcca3-ba30-412a-9d6a-c8791c6ecdd1,Asim A.,4 months ago,Mobile was repacked there was no company seal when i confirmed from MI service center they confirm that mobile was Repacked and was Activated 11 days before purchasing date and this shop owner have Assured me and other customers that mobile is not repacked and you will activate for the first time they lied and they are selling the product at increased price from official price but we have comprised on price that they will give us seal pack product but they scammed us and given us a repacked product which was activated before Purchasing.,425222112
41b771e5-bf13-4fd3-b651-dbc23a05ee34,Faisal K.,5 months ago,Nice mobile delivery in time thanks for seller,425222112
e57c8bfb-202c-4c44-ac8b-d3c72d8c42a5,3***6,4 months ago,thank you draz and thank you seller bohat Acha mobile Hy or same colour Jo order Kia tha bohat Acha seller Hy over all very nice and good experience,425222112
d77b65ec-a6c5-414d-8c53-86746a1577fb,Ali C.,3 weeks ago,Very disappointing. This phone is not 8 GB RAM as claimed. This is a 4GB + 4 GB expendable. The add should clearly state that truth. Also it has a slow processor. an iPhone user will find it very slow. it is large screen phone. The back camera quality is good in day light but not very good in low light. Overall it is okay for the price it is being sold at. But the ad should clearly state the figures to avoid any disappointments.,433726040
886ce93e-523a-4019-918b-898b0c0915b6,anmolmushtaq,2 weeks ago,same mobile deliver hoa hai thanks üòäüòäüëç I'm very happy......,433726040
1d359487-71df-44a9-8183-9946b8a09b82,inam,2 weeks ago,good quality nice phone I like it very much,433726040
87f47d95-27c5-4fb5-94ec-4a3368a133b2,Zain Z.,1 week ago,I received my product before Delievery date Thr phone was box packed I recommend this seller for Phone Buying I am truly satisfied with the seller,428559876
3fd46c3b-a5e7-4d8c-a168-a887fdc954f0,3***0,3 weeks ago,excellent service very cooperative seller very fast delivery,428559876
3e06e510-fb9f-47af-ba2a-0c2670b486e5,Anne M.,2 weeks ago,Alhamdolillah got my package delivered super fast within 12hrs 50 mins to be exact even before the initial expected arrival date. Seller was super cooperative humble and replied instantly in chat. The parcel itself was packed firmly carefully and securely. The phone was PTA approved. The official warranty started on the date of purchase. I'm more than satisfied with my experience. Highly recommended! Thank you very much Daraz and Seller! Jazakallah!,428559876
73480ae2-a4c9-4bdc-9caa-46f74a935b3b,s***.,1 week ago,#11.11 Genuine seller he sent exact same item as shown. Phone was seal packed and brand new. Loved the phone. Such a great buy in so affordable priceü•∫‚ù§Ô∏è totally loved it.... highly recommendedüòç Thank u daraz Thank u seller .... 5 stars from my sideüåüüåüüåüüåüüåü,427887954
956fc06d-3bb2-4c01-851a-c8d7e2e87a47,NAVEED A.,2 months ago,very nice set seller is very cooperative special  thanks color is same as asked,427887954
56a41577-b30b-4a8d-8204-76f99ae6ac0e,Mi S.,3 weeks ago,nyccc mobile delivery time very short jasa mobile dhka tha wasa he haa,427887954
ea45ed5e-7786-4e64-b90e-73d2fc5c67ba,3***5,2 weeks ago,i loved the phone its orignal n sealed brand new phone. Thank you seller.,429492323
8a742296-7419-48ca-a923-1381848a9e41,M***.,2 weeks ago,#11.11 excellent quality,429492323
0138889b-d66b-499e-b6a8-d3e6fcd7f961,Hassan A.,2 weeks ago,mujhe mbl receive howa hai good üëç in time and same Samsung product Jo market mn 40000 mn mil rhi this wahine daraz pe 32500 mn Melissa hai,429492323
93278161-616a-421c-a5d9-cebf5e7d6d60,habib H.,4 months ago,mobile ki packing bhi achi ha.or original sumsang ki packing ki halat ma received howa ha dil khush kar diya daraz ki service na,422211748
7f109347-18be-43f3-b7be-674edeaf2983,UMER,6 months ago,Thanks a lot Daraz for their phenomenal service and a great discount of 5000the device is very reasonablekeeping the current situation of the inflationI would highly recommend this over all other Chinese brandsthe look and feel of the device is awesome same like the flagship series of samsung and performance is also acceptable overall the only drawback being the charger not included with the device which adds another couple of thousand to the already inflated priceBut still I like the phone thanks again daraz for providing the great experience and serviceThanks a lot Daraz üòä‚ù£Ô∏èüí•,422211748
e076620d-9486-46bb-83f7-d9d80e8fea03,Mrs A.,5 months ago,Nice Cell phone delivered safely but 1 thing is shameful that no adopter with mobile at this heavy price.. only data cable found in the box ..Great services by daraz,422211748
9e2eb6cc-6b2a-4979-8457-2ea8874a4d8e,Amjid H.,4 months ago,well packed buht hi acha original mobile very fast delivery within just 2 days. good seller I'm very happy and satisfied thanks,426364045
1611f245-55d4-4ea0-96f3-e722157b2e70,Usman A.,3 weeks ago,mobile is 100% genuine....üòçsealed pack....seller is so much co operative... ü•∞price is very low than other sellers or market....üëçrecommended to all....üëçüëçthanks üíö,426364045
1b2fb866-bb2e-4a50-93ce-8a768a325643,0***8,1 day ago,Great seller Awesome thank you so much.recommended seller,426364045
51f1dc60-c9ed-4f27-8333-c82e806c2ca7,Muhammad F.,2 months ago,Nice one receive same as pic and good packing nice seller service and PTA approve device very nice..‚ù§‚ù§‚ù§,432049716
71b3ca1c-bf2a-4db7-8289-56d0654416d7,Muhammad F.,1 month ago,very nice good üëçüëçüëç,432049716
2bbbc81a-a8ed-406b-b7b8-7d8a020df31c,Bilal A.,3 weeks ago,Very Nice and cooperative Seller. My Parcel received in 24 hours. Delivery Service is very Good. Overall Mobile packing is very Good.,432049716
0557fe2b-84ab-4da9-a5eb-79e32d2daec8,Hussain,4 months ago,So far it's good. Seems good. I'll update my review after checking thoroughly.By the way it's genuine product.,425103339
07c51b0c-6af2-4d12-8070-871a53b64396,Faisal B.,4 months ago,Very reasonable price home delivery on the scheduled date excellent packaging unopened sealed phone box approved from PTA thank you daraz.,425103339
409931b3-d380-4ff1-90ab-a3605b320962,Farhan K.,3 months ago,100% genuine phone. Timely delivered. Satisfied with my order from daraz.pk highly recommended,425103339
5eb78211-a0f4-42ee-9e52-abce13b45ee9,Hamza R.,1 week ago,It was just awesome thanks daraz thank you so much Seller Same colour and outstanding service quick delivery...,432482913
0c034efb-537d-4684-b7e2-b754c330cecd,3***9,2 hours ago,very nice and Good packing...Jo dekha aur kaha tha wo hi received howa 3rd time received product and excellent Daraz..Thanks,432482913
a7367906-931f-4ffe-b7c9-aca4e5901326,3***3,2 months ago,Grey order kya thw or blue receive huaBx yehi waja h jw daraz pr trust ni hota,432482913
31b438f9-85d2-4ce8-bdcb-33370b21c6bd,Majid R.,2 months ago,Best mobile in this priceI recommend others to buy this specially from this sellerSeller is very good responsive #ReviewWorldCup,431415621
d4ac0e66-6670-40fa-8bbf-557d4f3406a4,Gul N.,3 months ago,ŸÖÿßÿ¥ÿß Ô∑≤ ÿßŸàÿ±€åÿ¨ŸÜŸÑ Ÿæ€å⁄©ŸÜ⁄Ø ÿßŸàÿ± ŸÅÿßÿ≥Ÿπ ⁄àŸÑ€åŸàÿ±€å ŸÇÿßÿ®ŸÑ ÿßÿπÿ™ŸÖÿßÿØ ÿ≥€åŸÑÿ±  ÿ¥⁄©ÿ±€å€Å,431415621
ef14e9d4-bb08-4acf-8bc3-26fedea6c6d4,Atika K.,4 weeks ago,Boht acha tajurbaraha very kind perdon sellerher bat ka boht achy sy reply kiamjhy ordrr jaldi chahye tha within 2 days mien order milgyabox pack packingdelivery bhi fast hui Allah is seller k karobar mien taraqi dy,431415621
909c8852-e767-4c0f-ba6f-1d348eaa8b9f,3***9,3 months ago,honest seller fast shipping phone is very good camera results also nice all over good phone and I ordered again,431406016
e891c870-7798-4612-9d4f-c1109b201997,reeb,2 hours ago,Original product good service and quick delivery.,431406016
656c2071-e81c-4698-a866-19efae1fa9d7,3***9,3 months ago,Got the parcel in 2 days. Seller was way too helpful. Product is genuine PTA approved. 12 months warranty from Advance Telecom. A nice handful and cost effective mobile phone. Highly recommend.,431406016
4d6f51aa-d980-4d45-84ba-c2a8080f0b06,Muhammad A.,2 months ago,Excellent product genuine and original product PTA approved. No Patched mobile. Seller sounds a very professional and committed in such deals. strongly recommended and feel free to buy this product.Thank you Daraz and Grateful to you Dear Seller...,427991771
e7faff8b-0c07-4fc5-8da3-994781fe0252,Asif M.,6 days ago,#11.11received as per specs mentioned. highly recommended.,427991771
6754447f-1019-4e3a-b986-e411c55c5801,Shaan U.,3 months ago,Box was sealed and came with all accessories. The seller is recommended for geniune product.,427991771
891936c6-5659-4e2d-94f4-6a4167f6bbb9,Essa B.,3 months ago,EXCELLENT PACKING üëå& MOBILE ORIGINAL AS PER SELLER DESCRIBED. HIGHLY RECOMMENDED üëç. MOBILE IS SO CUTE & SLIM LIGHT WEIGHT. MOBILE WORKING GREAT & CHARGING FASTLY. MOBILE WITH ANDRIOD 13 VERSION & MOBILE SPEED FOR REGULAR USAGE BEST. HONEST & BEST SELLER WITH HUGE DISCOUNTS. ALL ACCESSORIES INCLUDED. DARAZ BEST.,431941132
66104e35-71e4-4fd7-8a73-0988d59bc22c,Asad U.,2 months ago,Good Mobile Genuine Trusted Seller.. Thank You So Much.........,431941132
49c5a382-dc71-4843-9670-5c9b358531a3,Sajid A.,2 months ago,Same received as shown. Thanks a lot of seller and daraz also. üëç‚ù§Ô∏èüëç,431941132
6c30b3ae-6ff5-4c76-9e43-5d4ed3b7e26c,K***.,1 week ago,box was damaged. there was no seal on a box mobile was used .the gift they shown in pictures was different from what they sent .very bad experience .,437889286
507d1a43-c314-4282-97cc-f43687e4f979,Iijaz A.,5 days ago,mobiles itna mahnga lia battery time not good jo gift beja wo to bilcul h bekar ha is se acha 1000 ma jo daraz se order kary wo best ha main cheez no seal on the box box fully opened too much dispoint to see the mob and gift no handfree charger b i think change tha 3 ganty ma full charge karta din ma 2 bar charge karna parta but,437889286
47370bff-7e86-4c2a-9215-6c1393b78948,Aftab A.,6 days ago,Nice mobile and good delivery.,437889286
806e6340-f151-4cb4-9e5e-d5c835108186,3***0,2 weeks ago,Deliver in 3 daysNo warrenty cardNo handfrees in boxOnly charger and low quality backcover in boxLight weight Pakistan make set sparxNot Techno Spark Neo XBut har cheez kam kar rahi hai design Acha haiColor Jo mangwaya wohi aya,429329343
f203fb4f-7eb6-411e-9a8f-a1973803f4c0,3***1,2 weeks ago,Bht acha mobile he .Thank you.EXCELLENT Service.Delivered on time.,429329343
0bc860aa-2d76-4694-8af3-fb9c914de15f,Muhammad M.,3 weeks ago,so reasonable so beautiful just like a woo ‚ù§Ô∏èüòäüòÇthanks daraz and thnks seller üëç,429329343
229b226b-f419-4b9f-aa10-93b84de6cc3f,**********84,3 weeks ago,very nice PTA prove nice bht bht Khushi hoi mobile dykh kr thanks draz,427598680
ae6c8cf2-201a-45bf-8f74-6efd2e695e42,S***.,4 weeks ago,We get it fast delivery and good item with warranty,427598680
66aee672-373a-48ae-b290-d183ae67b7e4,C.R.P. S.,6 days ago,GOOD DILIVERY TIME WAS LONG BUT ALTHOUGH  GREAT,427598680
397aafd1-c935-4188-bd0a-1708dcaabfec,Shahid B.,3 weeks ago,mobile bahot acha hai. 8 gb ram h aor rom 128 gb hain. software normal lag ra h. camera theek h. overall ais price m zabardast chiz h. saller bahot acha bnda h. main nay usy msg kr kr bht tang kya üòÇ lkn saller nay mjhy hr bar reply di. thank you Daraz and thank you saller,432785193
8df2ec22-d247-44e2-9c60-1a7a2fc3bcd7,Ahmad N.,3 weeks ago,It is the best product and the original as I have advertised I have got no two opinions you also order you will like daraz and service is also good and the thing is also cute and has come with absolutely good Awesome products and original Spark phone with box and charger and warranty crad thank you daraz,432785193
3aae47ef-f4f4-4c59-9538-eb2c23997564,3***8,2 weeks ago,slam or thanks daraz bhot hi  service ha 1din phly hi parsl rcve ho gay ha  save packing Kay  shat bhot hi ache device ha 2din use kry KY bad bhe koi isu ni Aya again thanks daraz,432785193
c0f7b3f7-7614-4e7e-b5e0-7221dee55683,Muhammad N.,2 days ago,Excellent service 1 din main mobile phone received hogaya. Seller service is excellent packaging was very good.giving 5 star to overall service..HIGHLY RECOMMENDED.,431396490
61abf2f7-e04e-48fe-b08f-96b4cfe3c91d,Ahsan I.,2 weeks ago,Received in good condition but there are alarming things:1. Warranty was already started 20 days ago2. Charging is pathetic it stops charging after 5-10% then you need to replug the charger3. seller doesn't reply üòí#11.11,433245694
28ececa4-cb29-4a84-b762-19caffc5298e,Astra F.,3 days ago,"1- Received the product in time.2- The product was the same as shown.3- the product in itself was fine but don't expect more than what you have paid. 4- The best part about it is it's super fast charger with the battery to actually pull the weigh of it.5- I tried inquiring about it ""BEFORE"" the purchase but the seller didn't answered6-I ended up not liking the mobile cuz of the lack of features so I tried contacting them again this time they did answered but weren't willing for the return",433245694
18a5a1e0-38fa-4f8b-ab7e-0a8098239401,Junaid R.,5 days ago,well it seems like it's an repack mobile phone after checking warranty on website its warranty was started before my order secondly its box packing was also doubtful maybe because it was open before to activate its warranty. i received after 8 days. shouldn't be delayed this much secondly seller reply always come after a day or never reply üòî . disappointed but company really made a good phone üì± good in use.,433245694
3457685c-ab3b-49d0-b3cb-5e3d8bd58899,Faheem Y.,7 months ago,Deliver on time good product üëç,421271122
7e38fc77-26e7-4682-a198-c01880916121,Waqar B.,3 months ago,Product quality is good as per the expectations its value for money. But price is comparatively bit high as per the market.,421271122
d03a5acb-d264-4aff-9d15-818312288e82,daud A.,2 months ago,original product delivered ....reliable seller .......timely delivered  ....!,421271122
bef9d5b9-eb26-4557-99cd-f3cca43cd1f5,Rana A.,1 month ago,Very nice üëç mobile,433716549
ba05d477-15c6-4dff-968c-0922c550e58e,Khan S.,2 days ago,it is more than perfect... thanks daraz and thanks dealer,433716549
98b9ebc7-61a7-428f-90a1-86337f62d03d,syeda,1 month ago,üòÖthri preshni thi mehngi chez phli dfa daraz sy buy krty hue k pta k orignle hgi k ni but dekh k sary doubt clear ho gye daraz ki dlivry srwis bht slow hti ja re bki fon A1h  üòç,433716549
bd78f25c-ee07-487e-87c6-ad4a37907c3b,Shahid A.,3 weeks ago,Excellent  brilliant quality + fast delivery from seller. Thank you somuch you rock ! Will order again.A+ seller! The description was accurate! I'm so happy with my purchase.Great product. Great service. Excellent seller.Arrived in excellent condition quick shipthanks again for the seller for the fastest delivery and Daraz.inshallah next purchasing ka moqa Milla to esi seller se hi kron ga because seller you rock.outstanding yaar.As described good quality arrived quickly recommended,428561756
cbe23d5f-d5a8-4af9-b780-00ac53e531f9,Ahmad F.,3 weeks ago,It's a good buy with all the discounts. Received same color as selected. A very responsive seller.  Thanks,428561756
c83664cb-7d14-4d8f-a8a1-23a2ba66aec8,Dr N.,1 month ago,MashAllah this seller Rocks once again. shayed kuch pakistanio k isi imaandari k badolat hamara mulk abhi tak salamat hai. Allah apke karobar main bht barkat dey. Excellant product. market main is rate main box pack available nhi. pehlay bhi maine inse Itel ka mobile lia tha wo bhi bht acha tha. Thanks alot seller and specially for Daraz to provide such reliable platform for us. jazak Allah.,434688222
5425f493-8de6-4669-a345-e5e3f2ac2a95,Muhammad N.,4 days ago,not good mobile,434688222
b16850fd-b311-436e-85f4-a1d882842aa1,Azhar H.,3 weeks ago,superb Amazing superb and fabulous bht hi acha hai product achi quality hai bht happy hu KY Mobile acha mill gya üëèüëåü´∂üëç inshallah next phr yaha sy hi buy karo gi Mobile  üíØ recommend Kartii hu,434688222
d2e70caa-1350-4516-b97f-c8041ca30731,Muhammad T.,2 weeks ago,excellent product.   recieved within a week.. thank you Daraz and Seller,432435083
3d170e6d-5d6c-4eef-bcd5-7a5327bab067,Shoaib J.,3 weeks ago,Delivery in 2 days & remarks 10/10,432435083
040de293-27db-43c4-9f4a-7c788c42e632,Ruman R.,2 weeks ago,I greet such honest trader because of delivery at time and geniune product.Infinite thanks.May Allah you live long and progress by leaps and bounds.,432435083
d1982316-0c64-4412-b3aa-d75964d524b6,Haroon S.,1 week ago,mobile was box packed and looks very good.. let's see it's durability,424399248
b8ecd364-7eda-4918-aeb9-3da8e5cc9af9,Ahmad A.,1 week ago,Mashallah Buht hi Achi parking he or delivery bhi fast hoi or seller ka response bhi buht acha Raha thank you.üåπ,424399248
5ace6137-d6f9-4855-af9b-965332abb416,fatima A.,2 weeks ago,totally satisfied with the service,424399248
08ae8a82-6714-4efb-a5f5-5c57db604677,Mushtaq H.,6 days ago,both hi acha products Hy Jo cheez dikhai gae Hy wo hi hy,432095802
c25837f5-aad6-456a-9b43-d122f209f2cc,Syed I.,3 weeks ago,good quality mobile recommended,432095802
fac74434-6bd8-46f5-ad25-fba8d10ace55,zaman,3 weeks ago,Delivered on time.....Sealed dabba pack mobile,432095802
2bc7deef-23d6-4bc1-a121-ccbb44f3f20f,*********82,2 weeks ago,bahot Acha mobile hai lekin bahot late service hai bahot Baki sab ok hai,431400484
765bfac7-1ffb-40e4-9dc4-39a783418ce0,3***4,1 week ago,The seller was good and so cooperative he sent me a seal pack phone The quality of the phone is 10/10. I will shop again. thanks,431400484
bbbe339c-c9b1-49a4-9b9e-72040558bb23,Muhammad S.,2 months ago,Product bilkul thk hai or bht achi hai baki main ny activation date wagaira abi check ni ki k pehky use huwa hai ya ni wo check kr k review update krun ga.,431400484
c2056e6e-5ac8-4266-a0e9-05a3695dd63b,Wasi U.,2 weeks ago,Thanks Daraz and seller excellent service same as shown in picture and producg receive in 3 days,428779197
41160c94-03c2-4c7d-aa0b-6c6d5f234786,Aitsam P.,2 weeks ago,buht pyari device h original PTA approved h thanks daraz and seller. ‚ù§Ô∏è‚ù§Ô∏è,428779197
1826037b-a6db-42ab-b036-5e47f5ae3863,i***z,1 week ago,original product hy A1 quality ky sath...munsab price ma... thanks,428779197
5119e1e5-e1f9-4a8f-8afa-b6e397406446,Samia R.,2 months ago,pehli br draz sy itni mehnghi cheez li ha. i was so scared. wo b advance payment py. ak tu is me headfone include nhi. wo msla company ka ha. dusra black color order kia ta. seller ny bina pochy yh bej dia. itna issue ni h at least ak br pochna chye na? i pay 41000 for it k market sy b zada h. wo b adjustable h. phone mujy bht psnd aya isk features. clr ghlt bejny ki wja giving 4 star.,432744611
26b6ca8e-fc07-47c8-9150-6a22f43538d0,3***8,2 months ago,Perfect Mobile reasonable price Delivery with in 2daysSeller was good Thankyou so much,432744611
da909a35-7635-4f85-b59c-16b9bbe01e47,View P.,2 months ago,- Very good quality built- Good performance - Safely delivered- Good seller service,432744611
3eab5037-e63c-4a7e-aa41-53c17c80fa5f,rubina A.,4 months ago,Both Acha phone hai tanks seller  thanks daraz colour b outstanding hai use main behtreen use k b√†ad view dy rahe thanks again,424968322
30ef8b5f-275b-4602-9d31-b4cf5254cb2f,Mehboob U.,5 months ago,very positive approach and was as I ordered and mobile is working good.very happy to have that thans to retailer and also to daraz. as per my expectations fingerprints senser and fast charging not available. my suggestion is to please write all specifications on ad. Dex tracking number is not working on website but phone was delivered on very 1st of expected dates between 18 July to 21 July and received on 18th of July. was surprised and happy. good response front retailer on every chat but very poor or no response from daraz chat. due to daraz no response and tracking ID status not available on website I was afraid and confused and wanted to cancel my order if not reached on 18th of July but was surprised to have that. please improve response to have good customer experience. Thank you,424968322
07abb393-cdeb-4643-9c16-2df4bcaebf83,MATTI U.,5 months ago,It's really good üëçOriginal Samsung product with best hardware and software nice screen panel and camera alsoAccording to price it is the best mobile from a brandIn one sentenceIt is value for money device,424968322
e5b6425b-84f9-4139-8cd0-d6b23768f519,Salman T.,5 months ago,I purchased mobiles before from this seller. Best seller on daraz and trustworthy. I got the order the very next day. The original genuine pin packed mobile received unboxed the mobile by myself. Again got satisfied with their service and package.,425749788
2909bec7-d96a-421a-8246-5eaa0d8ba58a,Syed N.,2 weeks ago,Received very fast. in very good packing. satisfied and recomended,425749788
8bd31140-e97a-4383-89f5-6ab76316e930,Yasir I.,3 months ago,Thanks üòä Excellent Presentation üëè,425749788
f88ed01c-f78b-4dc4-8da6-b1504925604d,Bakhtawar S.,3 weeks ago,The phone is very nice although the delivery was a little slow. The price was higher than the market even after discounts which is very disappointing.,427479408
6643dbf2-6e06-4d4c-bb82-dd41922b64d5,Faisal A.,6 days ago,Alhumdulillah Thank you Seller and Daraz,427479408
e2692ca5-ca99-4ad6-914f-306f2a82f5f0,Asfand A.,2 weeks ago,the product is same as shown price was higher than market price but it's good and same as shown recommend üëç‚ù§üòä,427479408
568bab29-af7f-4e5c-9fee-3d1776e3177d,Mehboob U.,3 months ago,outstanding. same as described very good response from seller and most important delivered before time as was stated 100% satisfied with quality and seller,422864285
3d89ccdf-3dcf-4d7e-9723-83bb6880acd8,3***1,1 month ago,it's my 4th order and everytime I got great response a sealed box pack mobile phone with fast delivery thank you daraz and also thank you to sellervery high recommended seller,422864285
fb5f9ba8-150b-45ff-b942-f2d9145af46b,3***2,3 months ago,good packingnice mobileDealer is very coprative,422864285
b3c56700-cacd-4048-9697-c7a994620442,3***8,1 month ago,I ordered from the official vivo flagship store just to make sure that the quality of product and delivery should be upto the mark. However they didn't send me the earbuds that was part of the package. I sent the msgs to the seller but they didn't replied. Very poor turn around time by the seller.,434170266
5e8a9721-6a78-47a3-aa4c-720da8229119,Malik M.,1 month ago,Pin pack box thanks to daraz and vivo,434170266
d1844df9-056c-4121-98f5-97ac317541a7,Ashraf S.,2 weeks ago,Highly recommended the product. slow delivery.,434170266
b61e7db0-6584-41eb-913c-79ff93b29beb,Waqar M.,3 weeks ago,good hai body achi hai performance b achi hai but camera result guzare laik hai,429414221
81cb6773-1126-4283-afa8-7424cbf43260,Muhammad T.,2 months ago,Thank you so muchüòä amazing product  Thanks darazü•∞,429414221
fa217dcd-0bac-4b25-844e-f0ccee08417a,Rao K.,2 weeks ago,good product nice mobile in this price.good expiries.seller very nice man.thanks draz.,429414221
7301ca32-5d36-418f-810e-cd55026a23d7,Muhammad I.,3 months ago,very good I like it very much,396464368
4aebf2a1-b3e1-41a3-b97b-a298167518ea,MUHAMMAD W.,6 months ago,Nice same as description no fault but invoice bill or warranty card is not included how I claim my mobile and resealed box,375939955
900b1fa7-e949-4613-bbe6-be0a070bdb1d,*******886,7 months ago,Alhamdulillah overall mobile is good as shown pin pack and given what they showed...just a little confusion about the warranty of the phone as I know that now E-warranty is there but how I check the warranty of my phone as there is only a book on which warranty card is written should I check it on Xiaomi official E warranty website?? And one thing more for seller there is no PTA approval sticker mention on box nor there is any thing regarding PTA approval in the box but I checked for my confirmation it is approved but you have to mention this on the box also....now E-warranty is expired or may this phone is a without warranty phone so why you wrote that 1 year brand warranty????,375939955
4683c549-df8d-4784-a17d-ff65d5f8bd5e,3***5,5 months ago,Received brand new phone. same as shown in pictures,375939955
b80b2193-98a6-4c1f-b07e-31bb890f0000,Muhammad I.,3 months ago,seller is very cooperative and well manner.  I will recommend. I have received techno spark 10 pro same as I ordered. I will give him five star because I requested him to deliver the mobile as soon as possible and he did the same I have received my parcel in 2 days only .  I loved to buy again from him. thanks,430742292
37300a4d-47cf-431a-8d30-4e64c35c2632,Hina F.,2 months ago,Today I received my ordar 1st ko ordar kiya tha. 3 days mai recive hogya  jaisa dekha tha waisa ge aya color ja issue tha tu seller nai contact kiya I appreciated hus effort set sach m bht acha hy,430742292
6e9869cb-4ac1-40bc-8f9b-f2d867281f52,sidra K.,1 month ago,Masha allah bht acha mobile Hy.  delivery bht jaldi hogai Hy. .... thank you so much,430742292
60e437cc-94f1-4c41-9472-52ac5ce8ffd2,3***7,1 week ago,i really appreciate this seller and really recommended very very good condition thanks Faraz seller,427192090
4a1ba3e9-80eb-48a2-b1e9-d3b4977363d2,Vicky,4 days ago,Very small üòÅ. very nice.. üòç,427192090
c2d04ebb-d3db-4764-9bde-530ec5054246,Muhammad A.,3 months ago,,427192090
c7651ba9-0f88-4074-848e-68414f448fae,amjad R.,6 months ago,Its other wise is good but battery runs so fast and also runs a bit slow other wise its all good,413772192
84f41399-cb62-4451-a141-9975ebadc6b1,Artisit M.,1 month ago,MaashaAllah acha phone  hai battery bhi pura din chalti hai thanks seller,413772192
0cf447c0-c770-4c36-a004-6394aeb55f7a,Muhammad S.,6 days ago,acha product Baja hai acha seller ha,413772192
8316ab5c-3070-45f9-a25c-5bea89e8b456,Imran A.,3 weeks ago,ÿßŸÑÿ≥ŸÑÿßŸÖŸè ÿπŸÑ€å⁄©ŸÖ I received original Mobile with fast deliveryPacking achi thi bubble wrapped Thanks to seller and very thankful to DARAZ. purchase with a good discount in 11.11.BOHAT ACHA MOBILE HY Jo colour bola tha wo hi aya hy with all accessories like pouch protective glass charger C-type and data cable sim ejector pin warranty Card.,428562717
f466a293-1465-4e1d-9965-b7fd5aca916b,Hamza K.,2 months ago,Excellent product. Same as shown in add. Fastest delivery ever. Highly recommended this seller.,428562717
365952c9-4110-4826-9c17-4bdb90c50ffe,Javed I.,2 weeks ago,Thank you same as shown in the picture and fast delivery. Honest buyer recommended.,428562717
c64311d6-4e9f-4071-8266-9584682eab40,Lovely B.,2 months ago,I RECEIVED MY MOBILE TODAY GREAT BUBBLE SHEET PACKED BOXSELLER IS ALSO NICE PERSONI APPRECIATE THERE SERVICES AND REFERS TO YOU THANKS ALOT,432721997
b44f965f-a85f-4fdf-b449-b9f69cc3af0d,Anees M.,3 weeks ago,MASHALLAH zabardast so good person very co operative dealer mein aap ko zaror recommend karonga ke aap kharedo,432721997
769422cf-cd8d-46f0-a5e7-4e61b187ec6b,abdulnabi,2 months ago,best Saller Plz bought from this site Mobile is best and he gives me good deal,432721997
91434f84-d700-44ba-b64e-3a764621100a,Azfar K.,2 weeks ago,mobile bilkol original hae or bhot achi packing Kar k vendor nae Bheja or Kafi fast delivery thi 2 days Mae mare pass pohanch gaya thanks to daraz team and vendor and Lapboard company.,430328036
a49b8f1c-8522-4a57-8952-4d619e5ff17a,M***.,2 weeks ago,Seller is very cooperative. Had a very good experience buying this cellphone. Original product and professionalism from seller is more than good.,430328036
5925c80f-842f-48e9-b1f6-cbf8198cfb67,Muaz M.,1 week ago,everything is fine,430328036
b6493168-480e-41e3-b0fe-3aa9ac862579,zariya C.,2 months ago,mujha mera phone aj receive hua hai or bohot acha phone hai  working100% I'm satisfied highly recommended,427279605
1a995052-286b-4f48-8255-38adff1795f6,Nasir R.,3 months ago,Ma sha Allah Bohat payra Phone hay Or packing b bohat kammal thi or seller nay b in time delevery kee thank you daraz,427279605
2c817e51-5a8b-4dbe-8cfa-c88edc85420f,Farhan,3 months ago,Good Product Seller was cooperative thanks seller,427279605
2052e4c1-a0bc-45cf-8095-fc0e3f9fbd9c,Ajaz R.,6 months ago,Great smartphone honor x6 vibrant display colors with long battery backup and 1 year replacement warranty.got good discount from honor store. Honor store admin nice person helped a lot i my order.so recommends seller smartphone and store.,422600292
09667640-46ac-4763-9563-b292cc89445f,3***3,5 months ago,I am satisfied with my Honor X6 .I have recommended it to my friends and office colleagues.,422600292
cd9894da-8b98-4229-a44d-90a06db61410,Hafiz A.,4 months ago,Mobile is so good but four star is marked due to picture attached i.e mobile seal i'm secure was open from both sides before our unboxing don't know why and how,422600292
81ced769-2cff-4736-a74a-4f3a7103fcc9,Talal F.,4 weeks ago,waited for Redmi Note 12 Pro's release at Xiaomi official store but found no confirmation. Opted for this seller initially seeking grey only white and blue were available. Seller was kind & arranged the grey variant. Grateful for their responsiveness and a quick 2-day delivery increased trust in Daraz with upfront debit card payment. arrived properly sealed PTA approved. Impressed by fast charging phone responsiveness clear call quality and excellent camera results. Highly recommended üòá,429687998
4ef24aa1-6c2d-40ac-aefb-04e90b980aec,Kashif A.,1 month ago,100 % Genuine Product  Too fast delivery by seller  Fast seller response perfectly packed by daraz I really enjoy the super fast and safe delivery by daraz Thanks Daraz Thanks sid sad communication seller,429687998
597f25d3-c0a9-4ead-9b50-c1f8c92407f7,irfan R.,3 weeks ago,i ordered Black one but i got white one which is beautiful. The product is pin packed original packing and safe package fresh and decent pricing range.The Vendor is very responsive and loyal.I have a wonderful experience and definitely I will purchase more in future.,429687998
d16860ce-96c8-4741-85fc-4fb32fc02e2b,Khalid H.,1 month ago,I'm extremely satisfied with the mobile I ordered. The product is in great condition as shown on add the service was excellent and the delivery was incredibly fast just two days after ordering. Thank you Daraz and Sellerüëç,432451761
10ba6996-f6aa-4264-bbc4-a416b8462dcd,0***7,4 weeks ago,great seller.. fastest delivery...10/10 points for seller...Jo purchase kiya whi Aya...sellerüëç,432451761
438cd32c-2e08-4cfa-a6af-71c429202dfc,Abdul M.,2 months ago,Pathetic supplier. Wrong color dispatch and Daraz people also not check product before pack in flyer very disappointed .,432451761
85a05c5e-f5c8-440f-b3ce-7264fd8bcc3a,Tayyab A.,3 months ago,Good thing for me.,420943912
e6446a6c-871f-40c4-aab2-6f236e3f49af,Basharat A.,3 months ago,Both Aala cell phone hey. 3rd set purchase from same vendor vendor b boht coaprative hey delivery very fast.thanks to Daraz,420943912
425518b0-c669-4ac3-bb85-7dc70054855c,Basharat A.,4 months ago,very good Mobile 2nd set purchase from same seller very good seller thanks to draz,420943912
50fd59d2-af1e-456e-a9e7-905e202bd0c1,Hassaan A.,2 weeks ago,Seal is broken and a local lamination packing on the box. Too much dust on the handset. Although Fone is cheaper than market price and delivery was fast but broken seal dust on handset type things urge buyers not to shop anything from the seller next time. I asked seller in chat but he didn't respond me yet.,429661925
77fca795-3d55-4610-a1e4-b096696e801f,3***9,2 weeks ago,very good quality of the product. excellent packaging. the mobile phone is awesome üëå. Strongly recommended the product and seller,429661925
ec19b42a-a039-477f-bc9b-05a0496f4bb6,erum U.,2 weeks ago,hum nay copper colour order kia tha lakin white or black colour bhaj dia bad experience,429661925
3a9fa56f-a6a0-445a-b07a-9f91db845f5f,Inam K.,1 month ago,Amazing phone in that price highly recommend,432707379
0630c032-c058-4f67-a7b8-e6c815981344,M***.,2 days ago,received the parcel in appropriate condition. price is good seller was coperative. color size and sleakness of the mobile is kamaal. i hope it would work fine.,377693523
3b84cbf0-cefa-4647-a8e6-83d207a3abcf,Jehangir K.,3 months ago,received well packed in perfect condition overall very happy with my purchase and will be buying again,377693523
5eb7a8c0-972b-45cf-8f5b-4fe543241352,Shazia R.,2 months ago,The mobile blacked out after 4 days. It is a fake product. The seller is not solving the problem. Don‚Äôt buy this is a big scam. The seller is very dishonest. It is Draz mall approved product and even the Mart is not copererating and taking any responsibility,377693523
eb112fc0-24a0-4c0a-bcf3-fd94d354d59f,Syed O.,1 day ago,#11.11 Very good phone and timely delivered.. impressive service,433100478
529089a7-1c67-4fee-bb25-3ba1438e87d8,Sakina R.,2 weeks ago,phone is so fine  no any scratches. phone accessories bhi complete thi also service is soo perfect.,433100478
7842e501-41b0-417e-bc6d-57cdf2a6a181,SYED T.,2 weeks ago,delivered same as shown.,433100478
8a60b604-add8-4b71-98c9-b629703ccd91,a***t,4 months ago,good experience as usual I received original product with brand warranty card packed and intact box üòò,398449277
4712704d-8661-4299-9d48-52f52c5ec8ee,Asif M.,4 months ago,mobile received safely. However packing was not so good. Its box was little pressed but it was sealed pack.I have ordered the Samsung A04 from store names Samsung official but I received the mobile from Heaven Technologies. store name and sender store name should be same.Mobile is good and working perfectly warranty card is not included in it supplier informed that it can be checked online.,398449277
a9432476-e14b-4d0b-a3be-082dc3344bed,Tufail S.,7 months ago,Thanks üëç to seller and Thanks to rider very fast delivery üöö Thank you so much ‚ô•Ô∏è i also uploaded unboxing video on YouTube Thank you Daraz,398449277
fb6ae91c-0a45-46e5-9ed2-cea1781e2ed3,Ahmad M.,4 months ago,Bht acha mobile hüòçhm bht khush hain itna acha r discount py mobile khareda hmny ‚ù§Ô∏èthank you so much daraz and seller üíïüòçseller is really very cooperative üòçAllah apko khush rkhy amen. ‚ù§Ô∏èJo Jo chez mentioned h description mein. Wo sb delivered hoi hüòçüíô,377709677
90cbb2d1-8683-4b93-adb4-9384865850ff,SHAHID A.,4 months ago,excellent mobile with brand name on this price with 2 years security warranty. üëç,377709677
2d77088b-6f12-4621-8b40-7315777d6a71,Muhammad A.,4 months ago,Best mobile in this price. Big screen he. Nicely raped by seller. Recommended for midrange persons.,377709677
ca935e87-29ee-4001-aeaf-81fe32a0d89b,Syed W.,4 months ago,A very good phone with all quality features at a reasonable price. With 50 megapixels AI camera and internal memory of 128gb you can get 4 +4 gb Ram.. The packing was fine the delivery is fast with quality service. Recommend this product and Thankyou DARAZ for provision of quality items fastly.,424775876
bbf85219-b636-4886-9b2d-f9b8ea21ff8c,N***.,3 weeks ago,Good product in the price range,424775876
744d1baa-96b1-49ba-84d7-85c2f331e86f,F***n,1 week ago,,424775876
ee48cdf1-f193-41b4-aa5d-6b6a8450837d,Syed M.,2 weeks ago,Satisfied!!! Original product & arrived on time.,432048417
e44c825f-4ce8-4603-9ee1-ce612076d8d9,Ahmed S.,2 weeks ago,everything is perfect full packet set and have a warranty as well,432048417
7939bbd0-0beb-4404-acbd-3f8f3464e6ea,3***7,4 months ago,Satisfied with seller original product received with perfect safe packaging. Reviewing after using days.Very Happy with purchase thank you daraz & seller.,424261990
d2919382-de46-4ad2-9c09-24a5c5938611,Muhammad I.,3 months ago,Box pack ha acha ha lekin jo color order kiya thaa who nhi üòÄ,424261990
39ec7d60-5867-430e-8f57-1ebe94cd8c43,Rizwan A.,1 month ago,befor 11.11 Sale Excellent Masha Allah and Jazak Allah for seller Allah karobar me barkat de same as shown or saller ne mujhe new dia stock abhi warrant start bhi nhi hui hai jan-24 se Dec-23 ki Warenty hai Thank You Seller & Daraz jitni Tareef ki jai kam hai 100% Geniun & Recomended,425521808
60d6c3d0-4756-408c-a541-49b3c68d30ed,M H.,3 months ago,excelllent quality same as shown super sy bhi uper daraz sy jab bhi order kia A One rha i love daraz tanx seller also hamara itemaad bnanay k liayüë©‚Äçüéì,425521808
01699a1b-5837-4188-8b62-cf287e07b47a,Zahid A.,3 weeks ago,great it as shown it was my 6th order good experience highly recommanded daraz ...A weekness delivery is too slow..... thanks Daraz and seller...mob have no privacy system very bad,425521808
2b4aad61-7aa6-4ced-92bb-31d5f910ae79,Muhammad A.,4 months ago,AoaJaisa bola waisa he mobile mila bohat khushi howi seller bi bohat cooperative ha jo color kaha wohi bheja thx seller market rate se kam pr mila zbrdst shabash,427233504
43e2ddce-06bc-4110-ad88-6f0bab780d51,3***6,3 months ago,Highly recommended beautiful Mobile thank you seller üòç,427233504
906990dd-048f-4c4a-9a89-5c5074bf7b1a,Zain N.,2 weeks ago,Color was different than I order.I ordered purple but got black.The box of phone was already opened.Bad experience.,427233504
892cfd29-954a-41a8-a651-442ed321dc45,Naveed A.,2 weeks ago,got orignal phone,431144756
1a4c4d82-b044-4427-88b4-85e2f0c597fc,Ehsan J.,2 months ago,Behtreen seller response I shocked itni fast service thank you seller for bullet fast service. I recommend,432579284
6ddec85a-9059-4871-a1db-c5cc72f9dade,Ansar B.,1 month ago,Amazing product safe packaging fast delivery honest seller tho price is a bit high from market but still we get it at home without any hassle,432579284
77402e6f-78d9-425f-a85c-834fee95abdb,Nauman S.,3 weeks ago,Thank you Daraz for such a wonderful product. Beautiful color and outlook. Recommended for purchase.,432579284
a68d0a8f-713c-4d0e-8482-1fcfac9f983c,Moazzam,4 days ago,100 percent original product.The seller shipped fast but the daraz delivery service was very poor because of the #11.11 sale. received 3 days late after delivery timeline.,433969037
af33b639-52c7-4c73-bfe3-0c141897d296,Mati M.,1 month ago,Genuine & Authentic product.Seller is highly recommended & professional who responds to all my queries on time.,433969037
bad304db-4324-472d-a86d-737fcf497d3d,Syed I.,3 weeks ago,Orginal Mobile recommended to all,433969037
0a8576c4-ad34-4595-865e-dc2332cca0bb,Maaz V.,6 months ago,MASHA ALLAH RECEIVED ORIGINAL PRODUCT AND THE DELIVERY Is ALSO DONE IN ONLY 2 DAYS PTA APPROVED,422792413
a0259d4e-c9b1-48f9-903e-93a7e21908b7,Subash K.,1 week ago,zabrdast.. exactly as expected from daraz nice and good product with best price.but very poor response üòï of my massages to supplier and daraz as well.,422792413
a269a70e-8e7d-43b6-bd2a-c5ced3834e37,3***7,1 week ago,Excelnt .,422792413
c5424489-b3f1-4954-95dc-ab5867e7a419,ather I.,1 week ago,perfectly packed and quickly delivergood device same as shown,428414881
0c30b52c-5412-44a2-9730-a696c11fa889,****9,2 weeks ago,highly recommended buht Acha mobile hay delivery b on time hay,428414881
f3b6c977-77ec-4846-aa27-ccc015ccfe1d,D***.,2 months ago,Great product,428408681
d812d986-104a-43ab-a598-09dcd5104c31,Muhammad S.,3 months ago,Great product and arrived as mentioned. Didn't find a charging brick in the box but understand it would be probably Samsung not the seller,428408681
616857d4-e3bc-4149-89db-91370e02e44a,Prince D.,1 month ago,Mobil bot Acha hai sab ko bot pasand aya,428408681
7395dfc8-ab13-4fc7-a0c0-9cd042fa0de9,Ali A.,6 months ago,best mobile phone at this price  Reached very fast  Seller is 100% trusted Alhamdullah Thanks Seller as much as seller,410696866
56bc5d72-0870-4444-9c29-7a71c4396d40,Anas,4 months ago,Good Mobile Equal to Techno Infinix. overall good experience. Seller is gentle man.,410696866
cdd2f2c3-61b4-42af-9f79-2f213dbcee33,Mian A.,8 months ago,Wonderful phone in a reasonable price.there is no other phone in such a cheap price.Delivered in a short time before expected date.thanks darazthanks seller,410696866
46d28da2-6e95-47fe-9591-35dd432292d8,Omair,2 months ago,The product received well packed and within timeline. Comes with e-warranty so nothing to worry about. Nice n cooperative seller.,422415065
82aa8225-ac09-47a4-9a44-3711cf374d6d,Arsalan A.,3 months ago,Excellent mobile. camera is average.,422415065
5d8c9168-69a4-442b-855b-818728de30e9,3***3,5 days ago,Repacked mobile disappointed,422415065
e7e26adf-6020-4014-9c62-4e9e2c6068fe,3***3,1 week ago,very goodüëç phoneüì±,433096778
3821afdd-46e3-44d3-bf3e-d6406b868086,Haseeb A.,2 weeks ago,Amazing Thank You,433096778
0b318583-dfba-4b18-b61a-24420e2e1e95,Syed H.,6 days ago,#11.11 i am very existed and happy unbelievable delivery timeüëè while a quality same as shown on daraz app store. I will highly recommended the seller. thank you üòä for supplier‚Äôs and daraz.,396504249
14c6b541-5f26-49b3-9eca-95782bd5c316,Muhammad S.,4 hours ago,Great Mobile.,396504249
db073f8d-16a9-4a45-8c34-89b7f40449a5,waseemahmad,4 months ago,Bro mobile heatup ho raha jis waja s battry drop jaldi ho jati  r speaker m b mela,422514574
17532268-3bb8-4010-b3c3-02bb4014dcc2,Zonair S.,4 months ago,Product is upto the mark new and impressive. Its been delivered in a committed time. Many thanks team,422514574
6577b4dc-065e-413b-8aac-0aa6c220d595,Emaan N.,3 months ago,niceüëçüèª,422514574
5cc0a646-b6a2-472f-bfb7-ccf477cb5f3e,Mahmood H.,2 weeks ago,seller ne repack kar ke mobile diya he jese hi mujhe mobile mila to mene check kiya ye 11 November se active he.Very much disappointed by the seller and by Daraz too that Daraz is allowing such deceivers.lastly the phone is without warranty,429795970
abe3901d-f079-4e38-9370-07e110481b8d,Zeeshan,2 days ago,üëçüèªüëçüèª,429795970
3ad55024-a492-43bc-a2b0-b148aa935729,Arsalan Z.,2 weeks ago,,429795970
b3df8391-47ca-481e-a1dd-d36ffd45749b,Gohar I.,1 month ago,received a product with good packing.. seller response was good and friendly.. I also appreciate daraz for such a nice policy of installments.. keep up the good work,429674904
6bc651db-55df-4408-bdcf-1ae605ef3d05,*******980,2 weeks ago,product was good but you need to work on communication other wise it's fine,429674904
1ba22da3-73f6-4b82-bf3c-3ea04b323c0f,Qaisar K.,2 weeks ago,I am satisfied customer,429674904
05561a16-c251-40d7-80c5-b6ed01b669e0,Raeessagar,3 months ago,mashallah bohat pyara mobile phone hai charj 5.0 zabadat hai,423152535
b8c5b441-9fe4-44cf-b44d-c0043cecafa7,Maniha A.,2 months ago,very amazing product üëèüòÑ,423152535
d1d15800-faf5-4a19-9fda-34afba76b32b,aziz A.,2 months ago,,423152535
d944c345-2c07-4991-9610-2c4e66c85742,Muhammad U.,2 months ago,Tecno spark 10C genuine mobile condition ok new piece i liked it very much,423480189
07597829-bf7a-416a-b6cc-9f3462e9378a,Salman S.,3 months ago,Received on time the seller was very cooperative. originally requested green colour but due to unavailability from company had to settle for blue.,423480189
3cacf474-6bc5-42e9-be2f-8e8a50a2f5b0,ÿπŸÜÿß€åÿ™ ŸÜ.,2 days ago,excellent seller good cooperation timely delivered,423480189
e05d4e7e-42c2-40fb-b3e6-1dc4240425ca,Engr T.,3 months ago,Allahamdolillah pacerl safely received thnkx to draz special thnkx to Sellers Jo chez btaey wohi bhji i m fully satisfied from Seller thnku soo much..bht acha mobile hai .,427625039
f5a43511-b675-4f1b-b668-f4e38fe62af6,naeemaftab,1 week ago,Bht Bht pyara mobile hai bht zbrdst look vise excellent prize vise excellent bht acha experience rha bht achi product aur acha color send kia thankio seller and specialy Daraz ..,427625039
369c2580-884f-46c1-92cb-a44dc566c5f8,M S.,3 months ago,Very good servicePTA APPROVEDSEAL PACK,427625039
cf2ec664-e002-461c-ad14-0552f326e3ea,Iram A.,6 months ago,price was reasonable but the quality of the phone is low. wifi doesn't work on it properly also it gets heated up quickly. just for normal use but at least wifi should work properly. also after returning the phone they didn't send back the handfree.,410701911
4d74f13e-9242-42df-872d-d031180ebdf9,Umair K.,6 months ago,Quick delivery. accurate product. good experience.,410701911
fd37ba64-f172-4d6a-9eaf-eef95728e8e9,Waqas R.,2 months ago,just fine,410701911
9ef3e8cc-7823-4fa2-b905-5b5756f19ab6,Faizan H.,2 months ago,Behtreen product h jo kaha wohi behja h genuine product behji h thanks Kashif Electronic thanks daraz,429297582
7d22f382-141e-4eeb-9027-0c29a7eed904,Muhammad N.,1 week ago,Original Product same as shown Recommended,429297582
43352c84-f741-4596-89cb-b11130c6e0bb,Allie R.,5 months ago,dil khush krdia jo chiz dikhai wahi bheji mobile mein koi fault nhi koi nuks nhi koi masla nhi ek dam new mobile lag rha hai. box bhi dia hai mobile k sath. recommended seller sub k liye reliable and trusted seller. ankh band kar k order karen insha allah perfect mobile milega apni zban ka pakka hai seller or dusre sellers or mobile market walo ki tarah dhoka nhi kara. seller 10 stars ka haqdar hai lekin daraz m sirf 5 hain is liye 5 out of 5.,422443620
d931cfb1-8548-4abc-bd28-b6c88df13e8a,Muhammad B.,6 months ago,unbelievable well.packed safely reached and the phone is in 10/10 condition with not even a single scratch on it. 5 stars and recommend.,422443620
f1e4595e-d648-48f9-a26c-26132504f4af,adil K.,5 months ago,excellent phone with 10/10 condition just like new. spotless screen without any scratches back cover in excellent condition with shiny blue color. wifi camera and charging working perfectly. genuine and cooperative seller.,422443620
5d157011-9dd0-4ea9-855f-46b574a0cf73,Haris F.,7 months ago,Good Packing And Fast Delivery Mob is Same As Shown. I'm satisfied from this seller (Shop-Tech Karachi). You shoud also buy from this sellerüôÇ,290940312
d33c8cc3-3ea1-4f2a-969d-18be06006383,Affan K.,13 months ago,Seller was kind enough to inform that black color is not available... And on insistence he arranged the black color,290940312
6c0719f0-6fad-43ab-b190-8892abbac0c5,Zahid H.,1 year ago,Mobile buhat he piyara ha bilkul original ha seller b buhat cooperative ha.  Highly recommended  thank you Daraz,290940312
b920e8b9-4b3f-4290-a54b-528c60291592,Muhammad O.,1 week ago,Excellent mobile in this price category reviewing after one week use.,434062784
9846a451-3343-471e-980d-32cacdd29e6b,3***1,2 months ago,ŸÖŸÜÿßÿ≥ÿ® ŸÇ€åŸÖÿ™ ŸÖ€å⁄∫ ÿ¥ÿßŸÜÿØÿßÿ± ŸÖŸàÿ®ÿßÿ¶ŸÑ.Specifications are as shown.RAM: 16 ROM:256.I strongly recommend this product. ü•∞,434062784
f94faca1-0b33-4eaf-b46d-6b61dbb030a1,Syed S.,2 weeks ago,Good mobile in given price camera is not that crisp as I expected. Rest very good phone,434062784
121d20d0-61f9-4d88-8f74-3657ea12daaf,Muhammad H.,2 weeks ago,Value for Money with a renowned brand name,436379657
b9e27ba0-c4ac-4cc4-8a42-6b589c544de1,Atif N.,1 week ago,Good product with huge discount at Daraz 11.11,436379657
3cd9299a-2e93-45f3-b603-3d1960aad2c7,Muhammad I.,1 day ago,#11.11 lush phone hai,428486750
d12594fd-a4a4-4e8c-8c15-9aacc9b52e3b,3***1,3 weeks ago,good,428486750
76b99dc7-041a-43af-b1a9-8a682d4a5882,Kashif I.,4 months ago,Nice product. Supplier is supportive. But not satidfied with the delivery which was very late,428410536
65217e0b-8910-44c2-9e70-8cf09cb19c69,Mohammad S.,2 weeks ago,Box quality and phone quality was 5/5 and seller is very nicedelivery was before the given date 22 Nov and I received it today 19 Nov thanks daraz and this selleruntil now I didn't find any issue on this phone I will keep u guys updated I hope i find no I issue good luck to the seller ü´∞may Allah give u successüèÜüí™ and this phone has bypass and reverse charging option also ‚ù§Ô∏è‚Äçüî•‚ù§Ô∏è‚Äçüî•‚ù§Ô∏è‚Äçüî•,428410536
c8987d50-f798-4c51-aa08-2dfa1c8fde22,S***.,3 months ago,We are satisfied this product and fast dekiwary,428410536
6dceb16b-5bf2-429b-a5a4-222b34282ba0,Faizan A.,5 months ago,Delivery was very quick seller was good & quick reply ! Product as same show on pickture and seller commited! I wish k seller complimentary as gift 1 charger baj daita,420963806
9378f536-fafc-4eae-bd66-5937133ba220,A***.,5 months ago,Ji main bahut khush hun daraz ke smile ko hasil karne mein. Aur main Allah ka shukar ata karta hun ki Jo order kiya tha vahi hai....,420963806
cb50ba60-a1a7-432f-817e-14e17586a443,Muhammad U.,3 months ago,Quickly Delivered Osm Performance Device,420963806
ff443ea9-dab8-4066-a7d1-00a8a20f9fbd,Umama I.,2 weeks ago,Got this phone from 11.11 sale with a great discount. Good phone. 10/10 Recommended!,430219782
349807ab-ab8e-4b1c-a484-f6b0e43ee0da,irfan U.,2 months ago,original productlove it üòçüòçaik achi price mein set mil gya hai pin peak setaur seller bht acha hai.thumb up üëçüëç,432587174
7e9cb7e1-f65a-4ec5-bd79-e3f283266264,maryam Z.,2 months ago,received as described thank you so much,432587174
4d9bf06c-d466-4c67-88d9-e54381a60351,Usman C.,4 weeks ago,Received my phone next day Seller & delivery service is very quick,432587174
d0adf3c2-0e59-46fe-a29c-9ca3c9e6da18,Zohair S.,2 days ago,timely delivery very quick service phone is awesome as I expectedseller highly recommended thank you Daraz,432802973
1a44e29a-26d4-453c-9416-986e080f1aae,S***.,4 days ago,jo color select karo wo nai bejty yeh bohat he ghalat harqat hai oppo ki hamesha se,432802973
0396c5eb-cf3e-4e72-8141-970b141bff1d,3***2,2 months ago,ordered black color but it's deliver in sunset orange color üòî,432802973
0c078b5d-cb98-477d-bfc3-770ac484e6c3,zain G.,3 weeks ago,I have ordered and successfully received it but its not pta approved officially its is just patch approve thats why im giving you negative review and i would like to return my package back to you because i dont want patch approve mobile Thank You you have successfully wasted my time,426628219
95509030-f910-438d-8b20-555bc0181113,Zak A.,1 day ago,acceptable,426628219
3f44b86d-ad51-4cdd-bd6c-45aa5060206d,Kashif A.,3 months ago,Daraz Mall Is 100% Safe And Secure Satisfied,430633854
82049e46-295e-4207-b125-f9c9fc35e2b3,3***0,2 months ago,everything is ok but delivery after given date üìÖ,425228046
2f27814b-c1ba-4b52-baf8-6705d34408e3,Mohammad S.,3 weeks ago,Genuine with safe packing,425228046
a9496f9e-78ac-4cda-916b-647ea2f85725,N***.,1 week ago,Package not received,425228046
cf2fb382-c3ba-4ab9-9eaa-80f98bab95ed,Hurara M.,1 week ago,good same as shown in pictures,437888231
1a4e62fd-269f-4d0d-9d24-b75aa600ec06,3***2,3 months ago,I ordered black colour but received white colour. Quality is good. Received quickly.,431800271
b1e1b6da-e669-4096-98f4-06a5b4dd68ab,3***5,3 months ago,packing was good received in 6th day after booking. recommend,431800271
b2bcb113-4272-4f42-b93c-758acc4c8678,shahid K.,2 months ago,mobile color,431800271
4b568bdd-580c-4597-ab3c-e8798f8f3834,Momin B.,2 months ago,Received the phone as I wish it.,429910336
8189898d-e3fa-49d5-933c-404418a66dd8,Sheeraz A.,1 month ago,This is not the ones that are made in vietnam original packaging and stickers all great service,429910336
7a3176ff-cd1b-4b35-a565-5a8140606ad1,Tahir M.,1 year ago,Acha hai original hai well packed. In the box:MobileCable only  no adapterAur bs‚Ä¶,355314416
d98714ce-4431-4fab-a18e-8f043d3c06ab,Zeeshan I.,13 months ago,Brand new with seal packed phone received.Recommended seller.,355314416
e791277a-b9c6-4ef5-ac86-2fc409e75013,Muhammad A.,11 months ago,Good product,355314416
f1e29807-7eee-448f-865f-b099753ec0c5,Ali R.,1 day ago,Amazing and ship before time,432579373
dba45838-1755-4e24-b142-8e9aa43909c9,Asif K.,1 month ago,Had a very good experience. The seller is very cooperative and the product is delivered as I expected. Thanks Daraz and the sellerüëç,433242717
318f8362-e3bf-4695-b357-9b27dc5843c0,3***7,2 months ago,Seller nay bohat Acha Product bhaija. Bilkul 10/10 hay Very Happy Thanksgiving,433242717
f6f5fb2e-429a-467b-b5ea-285ac5511e05,3***0,3 weeks ago,1st time purchased mobile online but it was excellent experience as seller is very cooperative. phone i received was in excellent condition as seller told me earlier after receiving phone he kept on taking feedback and confirmation about device untill i was satisfied.thank you so much brotherkeep up the good work.,433242717
16d367f4-bfb1-4a41-8ec8-9a42b9d3ee3e,Roshan A.,1 week ago,satisfied price slightly high than local market as it may be logical over all bravo experience,424387894
74291d5f-1586-4569-ae73-874e648372e1,Sagheer S.,3 weeks ago,Alhamdulillah With in 3 day's I have received same mobile which was selected by online given pictures.it was my 1st purchase by daraz and found excellent service.thanks,424387894
696bc3e1-6e2f-4a60-bb8e-4015b02fba0d,S***.,5 months ago,Mobile tk theak ha bus charjer c type nahe ha or mobile covr bhe nahd sath .....,424387894
c51776e9-89db-476b-97b9-a80ad7294109,Waseem S.,5 months ago,Received original product.Delivery time was also good.overall good experience,421094416
edeb24f5-6a62-4906-a280-62a97398e91e,A***.,2 weeks ago,Perfect and genuine!,421094416
701aa3b8-d858-4be4-abec-d4b138b6c83c,Shahid K.,1 month ago,Thank u draz ü•∫,421094416
a2cfe075-5a11-4e34-a90b-6c35d396b3b2,ŸÜ***.,6 days ago,Value for money üí∞üòÄ,436407693
e25c04dd-9524-4c6e-ab71-f91ec0a544d8,mudassir,2 weeks ago,good phone,431051295
702b298e-0050-46fb-a993-7dae8e726213,Zeeshi B.,2 months ago,bht acha mobile ha or delivery b time sa paala mil gai ha bht acha experience raha draz sa cheese lana ka thanks draz‚ù§Ô∏è,431051295
a514046e-1e3c-4eda-8e49-7bb9e117aac9,Anjum R.,2 weeks ago,Untrustworthy seller. Two sets were ordered and both are already activated. It came from Khanewal in 7 days very poor services,433765995
011c5a17-9e3e-4c85-bde1-b4daadbe9ee1,Z***n,2 weeks ago,The product speaks for its self. Its original and then the quality is obviously 10/10,425525448
3ae7e320-5b03-4ae2-a371-b17f537967bb,R***.,2 months ago,Thank you for express delivery requested to delive the product before the mentioned time ...very well packed and very cooperative.,425525448
34877d2c-7409-424a-b2aa-3ad59a90de74,Rana B.,1 week ago,ÿßŸÑÿ≠ŸÖÿØŸÑŸÑ€Å ÿ®€Åÿ™ ÿß⁄Ü⁄æÿß ÿ™ÿ¨ÿ±ÿ®€Å ÿ±€Åÿß ÿØÿ±ÿßÿ≤ ⁄©ÿß ÿßŸàÿ± ÿ≥€åŸÑÿ± ⁄©ÿß ÿ¥⁄©ÿ±€å€Å. ÿ®€Åÿ™ ÿ¨ŸÑÿØ ⁄àŸÑ€åŸàÿ±€å ŸÖŸÑ€å . highly recommended üëå,425525448
f0968bd8-48db-41f7-b8f5-9926ffbb3949,Hafiz U.,2 weeks ago,Excellent service and product it was nice experience with Ali communication.Recommended to shop from here.,429691384
60de4792-665e-45b9-a8a4-401e9720dfa6,Hassaan T.,2 months ago,Been using the phone for a week. It's original product came pin packed in the given delivery time. Is a good phone for it's price. Seller is reliable and helped by telling us what colors were available and was kind enough to guide me if I wanted what was available or else could refund us. Very honest & professional. Highly recommended.,429691384
0d3b3e4f-477a-432a-9d38-c77103e9129a,Waseem A.,2 weeks ago,,429691384
8d003392-7cbd-4eb9-94fd-481cca0987fe,Haris A.,2 months ago,Perfect item with an expedited shipping. i received my item within one day with complete accessories. Brand warranty charger or phone case with a complete box and perfect packing. A very strongly recommended seller.,421174278
637e0b38-3847-446d-b692-c596ea532520,Ch A.,3 months ago,strongly RecommendedThankyou Sallerüòç,421174278
46d78d1e-2303-46c8-a004-daf9d88a58aa,muhammad B.,3 weeks ago,responsible price fast delivery. vohi received hova jo order kia tha.,421174278
0d699529-4f64-42e7-b615-c653de4ad7dc,R***.,2 months ago,Bht acha mobial light weight beautiful look ky sath bht achy Features Thank you bro,429908133
48fe7956-56d8-4801-9e16-ea70115b5a40,Asad R.,2 months ago,Mashallah everything as per expectation nice dealing fast delivery with full packing genuine products. Really amazed.Stay strong stay blessed.JazakALLAH,429908133
4103c560-0f6b-4b06-a6e1-74444b4249be,Ghlam R.,1 month ago,It‚Äôs beautiful And good for the price Fast delivery Box was sealed Mobile is brand new as discribed,429908133
5f3c5125-635f-40c6-8065-9bd2da1fab7c,Aazar K.,2 months ago,Arrived on time satisfied ‚ù§Ô∏è‚Äçüî•,424091720
7d81d03d-3f09-45ed-8c6d-08fb00c09606,3***6,2 months ago,satisfied with product original product same as shown thanks seller thanks daraz,424091720
27f2921c-4f01-4bc3-b4d2-295290bfaab4,0***3,2 months ago,great phone and good service... Alhamdulillah i m satisfied... higly recommended....,424091720
a83b8ed7-2179-4266-913d-a857ee4fc5d9,Amjad H.,3 months ago,Delivery was on time packing was good but I received the phone with a damaged screen. It was bit disturbing but seller guided me to return. I simply returned it without inserting a SIM. The seller is very cooperative.,430690496
257c975f-c25b-4050-a5e7-40289b490772,Rizvi S.,2 months ago,boht acha mobile hai or within 3days delivered hua. thanks seller üëç,430690496
6a8d48e4-6b74-4152-9cfe-e0f6258ddeaf,Hakim H.,2 months ago,Received in seal pack. Working fine. Original phone with accessories. Very reasonable price. Thanks seller and Daraz.,430690496
5e946fab-2b3e-4e62-afeb-985e28514082,3***5,3 weeks ago,Good Experience I have not compared price from market.,429690781
a728ecb2-7120-410e-81ed-04f0f53a8dbc,Muhammad F.,3 weeks ago,Highly recommended,429690781
0409810f-3a3f-4285-8ac3-3dc123f478ab,Altaf H.,7 days ago,ÿØÿ±ÿßÿ≤ ÿ≤ÿ®ÿ±ÿØÿ≥ÿ™ ⁄àÿ≥⁄©ÿßÿ§ŸÜŸπ €Å€í ŸÖŸàÿ®ÿßÿ¶ŸÑ ÿØ€í ÿ±€Åÿß €Å€í Ÿà€Å€å ŸÖŸàÿ®ÿßÿ¶ŸÑ ÿ®⁄æ€åÿ¨€å ÿ¨ÿ≥ ⁄©ÿß ÿ¢ÿ±⁄àÿ± ÿØ€åÿß,433867236
6a98fcb2-c798-467e-8498-423875864bf8,Fahad H.,2 weeks ago,I order white color but seller sent me black color I told him white color I want otherwise cancel my order..,433867236
c2e619e5-b3cc-4858-81c6-74b867e30852,muzna S.,5 days ago,superbbb excellent amazing saller is very cooperative. 29ko bola tha 29 ko he deliver hoa box packed sealed mobile hai mujhy buhat pasand aaya 1st time daraz se etni expensive koi chee mangwai dar lag raha tha but dil khush kar dia. thank you daraz thank you saller ALLAH PAK ap k kam mein aur barkatein ata farmaein. AAMEEN,425938597
aaa074f9-55c4-47f3-b70c-25767d831f23,3***5,5 months ago,the phone is good and have  long lasting battery but the only one thing that i noticed that it bit lag sometimes i noticed that thing 3 times in my first day but. now it doesn't lag now and working fine,425938597
0ba11c4d-b744-4ee8-b08c-d24412186a2e,Armani,3 months ago,sir gee Sahi say kaam nhi karta ye mobile ab me kia karo kuch batawo sir kia is chang ya wapaas kar sakty hu pliz sir,425938597
review_id,review_name,time,text,product_id
